Red Bull,Red Bull Amber Edition,strawberry apricot,250,110,80,27,Energy Drink
Red Bull,Red Bull Blue Edition,blueberry,250,110,80,27,Energy Drink
Red Bull,Red Bull Coconut Edition,coconut berry,250,110,80,27,Energy Drink
Red Bull,Red Bull Original,,250,110,80,27,Energy Drink
Red Bull,Red Bull Pink Edition,wild berries,250,110,80,26,Energy Drink
Red Bull,Red Bull Red Edition,watermelon,250,110,80,27,Energy Drink
Red Bull,Red Bull Sea Blue Edition,juneberry,250,110,80,26,Energy Drink
Red Bull,Red Bull Sugar Free,,250,5,80,0,Energy Drink
Red Bull,Red Bull Sugar Free Amber Edition,strawberry apricot,250,10,80,0,Energy Drink
Red Bull,Red Bull Sugar Free Pink Edition,wild berries,250,10,80,0,Energy Drink
Red Bull,Red Bull Sugar Free Red Edition,watermelon,250,10,80,0,Energy Drink
Red Bull,Red Bull Sugar Free Sea Blue Edition,juneberry,250,10,80,0,Energy Drink
Red Bull,Red Bull Yellow Edition,tropical,250,120,80,28,Energy Drink
Red Bull,Red Bull Zero,,250,5,80,0,Energy Drink
